GROUPID,INDIVUDALID,Column1,Column2,Column3,Column4,Column5,Column6,Column7,Column8,Column9,Column10
J,1781,14,16,35,59,62,76,92,114,128,139
J,1049,10,19,31,46,66,85,105,113,124,149
D,4893,10,30,36,59,62,86,90,111,135,150
C,37547,11,27,30,53,63,90,93,119,132,147
D,36393,13,29,33,60,65,80,100,117,123,135
D,13957,13,22,42,54,68,86,99,105,120,143
J,20027,14,28,38,48,69,83,99,117,134,139
G,64695,10,29,35,45,63,86,102,115,121,143
H,61653,14,23,37,46,71,80,94,118,128,149
J,9178,15,24,45,45,74,77,93,106,131,149
D,46926,11,18,42,49,62,85,99,105,134,146
J,51180,13,22,41,49,63,76,94,115,127,148
B,18341,13,23,37,59,70,78,104,113,129,149
J,23535,10,17,31,49,71,86,99,114,134,141
G,2190,14,25,40,49,62,89,91,117,135,140
G,42322,14,17,30,45,65,88,98,115,121,148
B,16884,10,27,32,59,69,86,98,113,134,150
A,41452,13,16,33,48,75,81,99,120,131,139
D,8937,14,22,40,55,69,88,105,105,123,139
A,25167,12,28,37,52,62,78,102,115,129,149
D,13698,13,16,40,54,73,75,101,112,121,141
A,4982,10,26,43,52,60,84,99,113,123,142
D,5290,13,24,30,60,71,80,102,110,120,142
H,28484,13,22,30,48,63,75,104,107,125,146
B,58970,14,20,45,56,64,83,90,105,121,135
H,13154,14,22,42,58,70,78,103,107,120,137
D,33591,13,16,30,55,65,81,94,110,135,146
F,10063,14,18,43,59,68,85,99,117,123,137
A,14842,13,20,32,60,74,78,93,110,129,140
D,20070,12,21,33,54,66,82,94,118,127,143
E,7521,10,28,40,57,71,78,93,117,126,139
J,54883,11,24,40,52,68,77,99,117,132,148
C,15186,15,15,36,46,62,85,91,117,126,135
A,59479,12,15,31,56,60,78,104,108,135,144
C,22169,13,28,42,49,75,86,98,112,123,136
F,3967,10,21,37,57,65,80,104,111,135,143
F,9253,14,30,40,47,67,84,104,107,124,141
C,15992,15,17,33,45,74,86,100,118,135,143
F,23354,12,29,35,45,62,78,92,115,129,147
F,54278,13,21,30,46,74,83,91,111,132,135
C,22532,12,25,37,48,61,81,90,106,134,140
A,99,10,17,30,46,73,85,105,113,130,143
D,15887,13,30,38,49,73,83,94,119,120,145
B,52973,14,23,34,50,67,85,102,109,127,137
B,6503,11,25,42,54,61,90,102,114,128,135
E,24523,11,16,33,60,61,88,92,117,128,148
G,64821,14,15,45,46,64,75,95,106,126,142
D,9684,12,15,43,46,68,75,104,105,132,142
H,62415,10,18,33,49,63,89,98,115,132,149
G,23788,14,27,39,51,75,82,102,116,128,142
A,37333,15,23,37,46,74,88,94,112,121,149
C,40685,13,16,41,60,61,88,102,106,128,138
D,23750,12,24,43,55,67,86,104,111,122,136
J,29932,11,26,40,52,68,78,102,119,132,136
C,21955,15,21,40,55,75,76,95,118,121,137
A,20427,12,22,33,59,63,75,95,105,130,139
G,56771,15,15,36,54,66,81,93,116,120,145
B,5163,12,26,38,48,70,83,95,109,124,144
E,53041,10,21,35,49,73,80,94,110,126,138
H,21613,13,17,35,50,60,88,92,114,123,139
H,21271,15,22,41,53,68,82,104,109,128,138
A,33054,11,26,33,57,74,79,105,108,125,144
B,11815,15,24,42,48,72,79,99,119,123,144
F,8775,15,23,38,52,75,89,100,113,121,143
A,47344,14,27,36,50,74,90,105,105,132,138
A,15986,15,15,36,53,75,75,100,109,132,136
D,35327,11,28,34,47,66,85,101,115,128,135
B,61952,12,17,32,55,75,78,90,106,123,145
B,44319,11,15,38,58,75,81,91,107,130,135
G,5335,15,27,37,55,74,77,102,109,134,145
G,45188,11,30,37,46,60,89,105,105,135,138
F,59526,10,25,41,59,67,88,97,116,135,135
C,31049,14,18,37,52,66,84,102,109,130,136
J,56258,12,20,37,52,62,79,90,115,122,140
D,40147,14,17,37,57,64,81,101,105,126,141
J,3838,10,19,32,56,72,89,96,109,123,149
C,7146,10,16,37,60,73,77,95,112,123,140
C,40259,14,28,30,53,72,75,95,112,131,140
D,56078,12,25,31,54,67,81,104,118,133,149
D,53691,10,20,32,57,61,83,98,118,121,136
B,41672,14,22,39,48,60,83,104,118,132,148
G,55290,12,26,44,47,60,82,91,120,126,145
H,33794,10,20,36,57,67,88,95,107,132,140
A,3921,12,30,31,54,60,87,104,110,134,144
H,31426,12,25,33,54,68,78,101,119,130,138
J,44675,15,19,36,56,74,86,93,114,132,136
F,52631,12,16,33,49,74,81,98,105,129,138
A,37487,11,25,32,49,69,77,97,114,133,146
J,43876,14,18,39,54,66,76,104,118,135,146
A,49556,10,18,42,59,65,77,100,119,122,141
G,29472,10,28,34,54,75,83,98,107,126,149
J,40080,15,19,37,52,75,89,92,106,126,143
H,50929,11,26,37,55,68,88,92,109,123,136
C,24074,13,25,36,56,66,76,100,111,131,138
J,6905,12,29,32,51,72,88,93,108,126,141
E,61460,12,30,36,57,70,77,99,110,126,142
C,33149,10,30,35,60,63,76,99,115,126,138
J,500,13,26,35,56,71,79,96,108,124,149
B,35915,14,22,33,51,71,75,99,111,130,144
H,63486,10,27,40,51,68,77,103,110,125,149
E,19840,11,29,43,60,65,89,105,106,125,150
G,55954,12,21,32,51,60,79,99,107,132,137
D,50047,12,29,33,60,68,76,103,109,132,137
G,28384,14,23,30,59,74,81,90,119,120,141
H,29801,14,30,35,55,69,75,98,109,129,137
H,6906,10,19,42,53,61,80,91,114,128,142
C,15888,13,27,40,58,65,82,96,110,126,142
E,42109,13,19,31,58,71,88,102,114,127,137
E,9746,10,18,41,55,71,86,101,112,128,150
B,13172,12,28,31,45,63,80,90,105,133,135
D,33946,11,27,34,48,62,77,97,112,127,137
J,21815,12,16,41,49,62,76,93,110,120,148
H,41417,11,30,38,49,64,86,92,117,129,145
B,17352,14,22,41,51,62,88,99,119,121,135
B,10654,13,26,35,54,74,86,98,118,131,149
C,45759,11,28,36,51,71,90,95,111,130,136
E,59500,15,23,35,53,68,83,102,116,130,136
G,8002,13,28,38,48,67,80,102,114,125,145
E,15208,11,20,44,45,61,79,95,119,123,138
A,64396,15,24,45,52,73,90,93,105,124,147
D,35667,15,16,43,52,74,80,99,109,128,139
C,32505,10,20,36,58,69,83,101,111,122,149
F,56892,13,23,36,46,71,86,103,105,129,146
H,9884,15,28,36,56,72,88,99,120,132,149
A,53825,14,26,31,53,64,88,104,114,134,143
D,26502,14,29,33,52,63,84,101,109,129,136
G,60639,12,24,40,55,74,85,95,105,127,148
C,45130,13,29,34,48,73,83,104,120,120,143
A,60843,13,22,31,48,73,79,104,114,130,146
C,58561,13,29,32,53,65,89,91,111,129,143
D,50483,14,15,36,52,63,75,95,111,121,147
B,16992,15,27,41,49,72,80,98,118,130,144
A,54881,12,23,44,57,70,89,105,105,124,150
B,30461,15,25,41,52,73,84,93,108,131,141
F,37814,13,15,32,51,63,75,96,109,129,145
H,26772,11,27,32,47,73,82,94,106,134,141
H,52180,15,24,40,49,75,88,99,105,127,150
H,18205,14,20,35,46,69,77,105,114,133,141
G,8680,12,23,36,46,60,80,105,120,124,144
H,58557,12,17,38,50,75,81,103,111,131,142
F,22557,11,19,30,58,73,79,98,120,129,140
B,53856,13,27,35,59,66,86,103,120,126,141
D,45021,11,16,43,46,68,80,99,105,124,145
H,63488,12,21,38,55,61,79,100,112,120,140
B,30303,14,22,39,54,70,84,104,114,122,135
A,37233,14,28,43,52,74,87,94,110,124,139
E,12831,14,21,38,52,60,90,97,105,121,146
C,25455,14,30,31,45,72,86,92,112,120,139
J,57252,15,23,40,57,60,87,99,111,125,148
E,60114,12,15,31,49,72,89,103,108,120,141
D,38419,12,29,34,51,69,88,93,112,129,145
J,9726,11,22,37,56,70,89,96,110,125,147
G,23283,14,23,39,57,64,85,90,118,134,143
B,12273,14,23,30,55,68,84,91,113,125,148
G,48314,12,21,40,52,72,89,101,105,122,142
G,11695,15,29,44,51,73,79,101,113,130,144
A,38445,14,27,40,48,62,89,102,114,132,139
E,20450,11,21,31,59,64,84,101,120,133,140
B,54417,15,15,41,60,64,82,98,119,124,147
G,1578,11,28,43,58,75,87,104,116,126,147
H,13959,13,19,35,55,69,83,94,112,131,146
J,38010,13,18,36,46,72,90,94,115,125,143
J,16521,15,22,39,54,68,90,97,117,127,142
H,20147,12,22,30,55,61,85,98,109,127,146
D,851,14,25,43,54,61,82,100,116,124,150
A,57493,10,15,45,47,65,79,92,105,121,137
E,23075,13,22,43,50,61,88,100,112,123,137
C,56823,12,15,38,54,68,85,92,117,135,143
J,65151,11,21,31,55,67,78,101,115,122,135
C,54597,13,24,35,46,75,87,90,116,128,143
H,48303,10,20,30,58,68,75,105,116,124,144
D,23823,14,18,36,56,61,89,98,108,128,149
E,53979,10,17,31,55,68,88,98,116,121,147
G,60463,10,30,36,48,71,90,95,116,130,138
A,34120,11,15,43,49,72,81,94,117,122,147
F,12031,13,15,44,48,75,87,102,120,128,138
H,46646,12,23,38,52,75,84,99,114,128,149
A,52334,12,27,39,45,65,80,96,120,131,138
A,9933,10,24,38,51,70,88,105,119,120,141
E,61253,10,26,40,49,64,76,103,115,121,143
C,37641,14,15,30,54,67,75,98,110,124,144
A,19081,15,26,43,46,70,87,93,119,135,142
A,47695,10,20,32,47,62,76,98,108,133,146
C,44177,14,17,41,45,75,84,103,110,128,138
E,34267,15,20,42,50,72,76,101,117,126,141
B,37986,10,15,36,57,75,84,96,108,131,135
D,21457,14,20,30,59,66,87,92,119,135,144
H,52665,11,21,42,46,60,85,98,112,123,136
J,30127,14,16,41,52,71,78,105,116,123,147
G,2779,10,28,38,45,62,83,105,109,129,150
H,64638,15,27,30,47,73,76,93,116,125,150
H,9081,13,22,32,53,62,75,92,115,131,140
E,23852,14,30,37,46,62,89,99,112,120,146
C,32638,15,16,32,52,73,77,94,106,122,137
A,20653,15,29,40,59,70,88,103,116,132,143
A,43427,13,24,34,59,62,86,90,112,120,145
G,12258,13,18,45,60,75,80,90,110,127,148
C,8428,15,19,36,45,69,87,96,105,130,138
G,35293,12,30,34,59,72,80,103,120,132,150
E,64036,10,16,38,49,60,89,104,115,131,147
A,24306,13,25,44,52,73,89,98,115,129,142
C,23697,15,20,44,52,71,88,92,106,128,147
E,56145,12,21,31,56,69,86,91,118,130,149
J,1780,14,17,41,46,73,85,92,105,128,138
C,41996,10,29,35,46,61,80,98,119,135,144
G,20574,11,21,38,52,60,75,99,120,122,139
E,28725,12,24,32,50,63,75,99,120,129,140
A,8374,14,28,32,47,73,90,93,119,131,137
D,61280,12,17,33,52,68,83,99,115,131,149
E,53528,15,16,42,50,70,80,96,113,132,140
B,34878,15,24,44,53,67,82,100,114,120,148
B,61013,12,19,33,57,66,76,103,105,131,142
A,21146,12,23,34,59,66,87,90,105,127,139
C,56712,10,18,32,54,68,81,92,111,132,138
C,62720,10,17,36,48,68,76,99,114,135,150
D,50988,13,15,31,52,65,76,95,110,121,138
C,51619,13,21,31,52,72,75,105,118,134,135
D,20166,12,20,43,49,71,86,105,109,124,141
G,60066,13,24,44,50,73,77,92,111,134,142
A,8839,13,23,34,59,73,76,94,117,120,135
A,60155,14,16,38,56,60,89,99,109,129,141
D,2774,12,26,31,53,66,87,96,113,127,150
G,23654,11,17,44,47,74,89,90,116,127,150
H,14295,13,15,38,51,72,87,90,111,135,150
A,18786,15,17,35,46,63,75,95,115,133,148
E,17199,12,17,43,49,66,87,99,119,134,146
F,47644,13,28,42,57,65,81,105,118,124,146
A,18716,11,18,30,54,66,87,91,112,129,146
J,31178,15,24,32,50,60,88,103,115,121,147
G,58681,10,20,44,47,70,75,105,118,129,142
D,30212,12,18,39,47,60,82,96,115,125,137
E,23662,12,23,31,49,68,87,97,114,122,150
D,54321,13,16,37,45,60,87,94,115,122,141
F,15060,10,19,39,55,68,81,95,116,129,144
J,44603,10,22,44,51,70,89,99,119,135,145
D,64371,12,22,31,48,69,85,93,108,133,147
A,60822,11,20,38,48,75,82,99,111,129,147
H,18425,14,16,40,46,66,88,103,114,131,149
C,43957,12,22,45,51,66,88,103,106,129,138
C,25747,12,15,42,49,62,80,104,112,124,149
G,20680,15,29,40,52,75,78,98,108,124,141
J,13000,15,21,32,46,61,85,99,119,135,137
B,32728,13,19,31,51,75,80,99,110,125,149
D,51377,14,18,30,54,69,80,99,117,130,143
D,59264,10,26,33,52,65,87,97,107,120,141
F,59618,14,27,42,60,63,78,99,111,123,141
A,50447,15,26,35,54,67,89,99,108,135,138
H,35223,14,15,34,50,75,89,99,118,134,149
E,54900,12,25,41,45,60,81,99,108,134,141
J,28111,12,30,43,54,65,82,97,114,131,136
H,33563,15,30,41,56,65,86,92,119,133,144
E,7514,10,29,43,51,63,90,99,118,127,138
J,26609,11,29,33,50,69,78,93,116,123,140
G,34119,14,23,31,54,67,80,94,112,127,146
C,60030,10,30,34,57,69,76,101,119,130,141
F,30892,13,30,30,51,66,81,100,107,131,146
C,49889,10,25,31,60,63,86,93,114,128,147
F,12307,11,18,40,59,70,82,91,113,127,144
A,57111,10,26,38,47,61,87,93,117,129,135
E,48130,11,25,45,60,68,82,104,112,127,144
H,49931,15,15,44,59,69,88,105,114,133,141
B,24125,12,29,43,59,72,90,101,120,133,149
J,50897,14,16,32,48,70,90,95,106,134,148
A,41741,15,25,31,46,64,78,99,118,133,144
B,42981,12,24,40,46,74,81,102,120,124,136
A,22609,13,16,43,46,70,79,98,113,128,141
E,47105,10,25,42,58,72,89,103,113,135,145
C,51103,14,19,35,56,61,84,105,119,123,148
J,31913,14,27,42,48,63,87,95,108,124,150
F,43661,11,24,41,45,68,78,92,119,134,148
A,16158,13,16,33,52,72,78,99,114,133,149
C,38179,10,28,37,56,71,75,101,116,123,135
B,47699,13,26,41,55,72,79,97,118,130,136
A,41410,12,27,39,46,74,83,99,115,133,137
A,46712,15,23,33,54,62,78,95,109,128,148
C,60218,13,23,35,45,62,76,97,114,127,138
A,7221,10,22,33,47,75,78,93,105,124,148
E,1180,13,24,39,54,69,75,101,114,121,150
J,45818,15,28,38,45,61,82,99,114,120,140
E,87,10,26,42,54,72,87,94,113,121,135
F,27412,10,24,40,55,60,84,91,119,127,143
C,267,10,19,43,52,62,84,95,119,125,141
E,26692,15,20,33,52,65,77,93,106,131,144
E,8130,15,16,42,49,66,90,103,118,133,142
B,26143,10,28,43,59,62,90,97,115,133,141
G,12640,14,17,41,48,71,76,105,114,122,141
A,42405,13,18,33,46,61,75,102,118,128,140
H,3504,12,17,32,46,71,85,92,118,127,138
D,41290,13,15,43,48,61,86,98,116,133,147
G,39490,15,28,40,55,68,90,105,120,130,145
J,59121,14,25,36,53,63,81,102,106,130,135
A,65113,15,25,34,53,71,87,91,113,124,137
D,7753,10,27,32,57,60,80,96,112,133,146
C,5698,15,27,33,54,62,87,100,114,124,145
J,614,11,21,41,50,74,88,104,119,133,147
B,624,15,16,34,51,66,88,96,107,132,140
C,64084,13,27,33,58,66,77,96,118,132,150
J,44297,10,24,43,50,62,89,91,105,131,137
C,46137,11,25,35,49,67,88,91,114,131,141
E,33539,12,24,33,48,62,89,99,115,126,142
H,58513,14,15,40,60,69,78,102,112,120,137
F,21802,12,15,39,59,62,79,102,110,126,137
E,40264,13,20,44,52,68,80,92,105,134,150
F,20773,14,19,39,55,69,88,104,113,125,141
D,54210,14,21,30,59,65,79,95,109,124,149
C,11456,12,19,31,47,73,75,92,107,126,144
E,42737,11,19,40,52,64,82,101,111,131,144
H,22943,14,27,34,53,66,84,96,110,124,147
D,61633,13,24,30,57,75,89,93,110,121,142
B,36924,15,30,40,53,75,80,103,111,135,147
A,7597,14,17,43,58,68,88,95,106,129,135
B,52061,14,26,31,50,66,84,100,118,130,143
E,16148,14,28,33,50,60,76,92,118,125,139
J,34491,14,25,40,54,60,76,92,109,135,144
G,48345,14,28,39,51,67,81,93,118,122,141
A,52495,12,18,35,46,62,84,102,113,129,146
G,50814,15,21,43,46,60,85,98,110,121,144
C,31909,13,22,32,59,70,87,94,112,125,144
H,27639,15,19,39,54,74,86,94,111,124,140
D,48716,12,17,43,59,75,88,100,111,122,135
D,52640,15,27,33,55,74,78,93,118,127,136
G,53179,11,15,31,49,69,84,90,115,126,141
C,199,14,27,38,45,72,89,92,111,132,145
B,57620,13,15,31,50,70,78,97,106,124,139
C,23411,12,25,44,48,72,83,92,108,134,142
H,61302,15,16,45,45,60,87,95,117,133,138
D,33985,14,27,36,46,75,79,103,117,122,141
C,16410,13,25,43,53,68,85,103,109,130,137
J,47295,11,29,30,60,67,81,97,118,135,144
D,45921,14,25,35,52,73,83,102,119,124,149
D,44763,13,22,32,56,62,89,95,109,129,136
G,65207,11,22,34,47,68,76,90,114,131,137
A,17988,14,26,39,55,74,80,92,114,125,143
G,14330,15,19,32,54,63,82,102,115,123,142
E,16264,15,29,38,56,73,90,90,111,123,148
J,11420,10,25,36,57,73,90,99,119,130,138
E,25425,12,27,35,55,67,85,99,111,123,143
E,13696,10,22,38,49,70,89,100,111,122,143
H,16434,12,19,31,46,62,83,92,111,134,135
C,52172,11,15,42,52,69,78,95,111,122,142
D,63808,15,30,40,55,64,76,101,117,121,137
E,38324,13,29,33,56,66,87,101,106,131,146
D,62177,12,20,42,54,74,83,97,109,134,137
E,11062,10,26,43,45,69,78,92,105,122,137
H,5601,14,17,41,49,75,89,91,112,126,145
B,22036,10,21,44,56,60,84,90,116,123,142
F,30615,10,15,30,45,73,88,100,114,125,142
H,46948,13,21,40,52,67,79,98,112,122,146
D,45394,12,16,42,60,69,76,104,116,129,148
D,39210,15,19,36,56,67,90,99,113,132,135
G,16472,14,29,35,54,75,82,90,112,121,148
D,22870,15,23,40,45,60,81,105,107,122,135
E,63904,14,20,35,50,74,87,104,117,132,137
H,38041,12,26,30,52,70,87,96,113,127,147
H,61292,14,29,40,53,72,75,97,111,120,136
C,43970,15,19,35,45,61,85,92,106,121,136
G,47254,10,24,42,49,61,83,99,107,121,137
C,50802,15,16,33,49,62,89,105,112,135,150
B,51778,10,29,30,45,70,77,97,111,135,143
C,23779,15,29,41,56,71,86,94,116,122,135
G,22104,12,16,39,55,74,82,101,116,128,136
C,10924,11,27,45,54,62,85,97,113,129,140
F,5709,12,18,34,51,63,78,91,108,124,140
B,55569,13,19,36,53,65,90,95,105,123,137
B,23429,13,28,36,50,70,89,104,112,132,140
F,61394,15,19,42,49,72,84,101,106,121,140
A,7716,12,28,35,48,64,75,94,107,125,141
H,57319,12,25,42,49,75,82,94,111,131,140
D,23180,12,21,31,59,66,79,104,118,131,147
E,34325,10,19,33,55,73,77,95,114,132,137
G,50293,13,26,40,47,61,88,91,109,126,137
F,5796,11,15,31,45,61,90,104,118,122,147
J,274,11,28,43,54,63,77,95,108,124,139
E,64617,10,21,43,49,71,87,100,114,135,143
B,4638,12,20,30,58,73,88,96,112,133,147
C,717,11,16,42,54,70,87,103,110,133,143
G,7422,12,22,30,45,62,82,90,108,127,146
F,1412,10,26,32,49,67,77,103,114,126,145
H,21312,11,16,43,45,75,81,103,107,133,140
D,32894,11,16,40,58,61,87,90,107,126,147
E,43633,15,16,32,55,64,78,93,105,125,148
D,45259,15,19,30,52,67,85,90,111,122,144
C,10509,14,25,31,51,70,88,100,111,123,147
H,19481,13,29,33,47,62,87,101,120,121,149
H,5827,12,15,43,47,60,87,103,107,127,142
J,60272,15,29,35,52,60,75,91,119,130,149
D,61850,15,30,41,48,68,82,90,112,133,149
C,24858,11,16,44,51,71,79,90,116,133,148
E,14351,11,17,34,57,63,85,105,108,129,146
A,22446,15,21,38,50,61,76,95,119,127,140
H,42352,11,30,45,60,61,81,95,117,121,142
H,49941,14,24,37,54,60,79,97,120,128,143
C,9229,11,24,42,46,75,85,91,110,135,141
D,48315,11,20,44,49,74,79,90,115,121,141
G,37175,15,29,44,59,69,76,105,112,125,137
J,38698,10,24,32,46,61,82,100,116,120,150
B,62596,11,19,44,52,67,88,103,119,135,142
A,32987,13,18,41,49,71,84,93,119,126,149
A,38502,14,29,31,54,67,85,93,119,122,142
E,15638,13,19,30,60,74,80,98,114,126,143
H,59315,14,27,34,49,68,90,97,109,128,145
A,15089,10,16,45,47,70,77,93,105,130,135
F,26970,12,18,37,45,61,84,90,111,131,138
B,18926,15,21,33,50,62,81,105,107,131,149
F,57894,10,17,43,60,69,86,97,117,129,139
H,40307,15,17,33,50,70,78,96,106,124,141
H,25381,12,27,43,57,72,81,93,106,124,142
H,47911,11,24,34,47,69,80,92,118,131,137
H,58466,14,25,38,49,70,77,97,119,134,147
H,42058,14,28,43,52,60,82,100,108,129,147
D,24270,15,29,43,53,62,86,97,118,128,137
C,22649,14,27,44,57,75,90,94,119,123,143
G,21139,15,30,32,46,71,89,103,106,122,148
B,32291,10,26,33,51,70,86,93,119,134,146
D,55628,11,23,44,52,64,86,99,113,132,138
H,40978,10,20,43,59,66,77,102,114,128,141
B,6428,11,24,30,59,72,89,102,120,131,137
C,20549,13,21,43,55,71,86,92,115,132,148
E,15763,11,21,38,49,62,81,100,109,122,144
E,58862,14,25,41,58,61,82,97,113,135,147
G,48464,10,25,32,56,74,84,104,113,121,146
F,20903,11,23,31,56,75,77,91,112,123,143
J,30802,12,30,30,56,74,82,92,114,128,138
D,26309,14,26,33,45,65,80,93,115,128,136
H,4128,15,21,41,60,64,75,104,114,129,149
H,16944,15,25,34,45,67,81,102,119,131,147
B,34085,15,27,44,51,70,89,102,119,124,142
E,245,15,18,33,58,67,85,103,120,124,148
D,19331,13,26,36,52,72,75,97,110,132,143
G,4116,12,30,40,50,70,77,98,112,126,147
B,36,10,21,33,59,67,83,104,107,128,146
D,30586,13,16,36,57,72,89,92,110,130,147
H,20360,14,19,40,49,64,75,99,107,125,141
D,37101,13,16,41,51,69,82,97,112,131,146
D,31551,11,18,44,50,75,84,96,115,129,145
E,47501,12,25,37,49,61,90,102,114,135,140
F,25043,10,29,43,53,74,75,99,116,133,136
H,42408,15,28,42,48,70,79,99,117,133,138
F,59561,10,23,44,60,71,78,102,111,121,150
J,55720,11,20,43,60,66,80,93,107,133,148
F,42267,10,19,43,50,71,87,100,115,120,136
D,19063,13,17,45,50,69,77,98,107,127,139
D,51097,12,30,33,51,74,79,102,111,120,143
C,44378,14,19,30,58,65,79,99,114,125,137
H,48954,14,19,38,54,60,81,99,117,123,140
B,14790,11,25,31,56,62,78,104,105,125,145
D,38975,15,21,42,50,69,80,96,106,130,144
F,48525,14,15,44,58,69,79,97,106,121,140
B,10619,12,27,41,53,69,80,104,110,135,135
H,28264,14,28,45,53,65,84,102,105,135,140
G,53897,13,18,44,49,61,87,96,108,133,136
G,53866,12,15,40,57,60,90,102,108,128,140
C,43188,14,18,41,56,60,80,96,115,121,150
H,28115,15,20,37,53,65,89,99,115,133,136
E,55040,12,20,45,53,70,88,92,111,122,146
C,26005,15,29,35,54,65,79,99,112,127,144
H,24017,14,29,36,47,65,80,103,119,120,146
H,6162,15,25,40,52,68,81,105,108,128,137
F,53531,11,24,44,49,75,86,94,114,128,146
J,12141,13,27,39,52,65,81,96,120,126,142
G,15642,13,27,33,58,71,90,102,112,133,150
D,65506,12,16,36,55,64,83,98,111,125,140
A,58304,13,21,34,53,68,75,98,108,126,136
F,6401,11,30,34,60,62,87,97,106,128,149
E,2401,12,22,38,47,71,89,104,107,129,147
H,10870,11,27,43,52,60,88,98,107,133,147
J,62552,13,28,35,59,63,82,93,112,121,150
A,53809,15,19,44,53,63,90,104,111,132,149
F,44775,15,18,36,57,71,78,97,109,132,148
J,22495,14,16,39,47,66,85,101,112,126,135
F,50947,13,18,30,45,71,79,103,114,120,150
B,34712,12,26,32,49,70,89,92,119,125,138
E,43744,10,29,44,60,63,88,100,107,120,146
F,58995,12,18,36,47,74,81,96,107,129,146
C,47137,11,25,37,57,74,76,91,110,126,148
D,41633,10,17,44,52,60,79,101,113,126,135
E,58281,11,25,33,56,68,81,101,113,125,141
C,59340,13,19,45,48,60,82,99,117,124,142
J,46886,13,23,43,60,66,80,92,113,130,150
C,32486,11,25,33,49,74,83,96,114,124,140
B,26836,10,21,40,45,68,77,101,106,133,139
D,8825,14,26,37,55,65,84,100,118,122,137
J,41075,10,22,40,45,73,77,103,110,127,145
F,11212,12,30,34,53,74,84,104,110,130,138
E,55804,14,18,32,57,66,81,102,118,134,148
H,2400,14,16,36,52,73,85,94,115,125,140
H,24129,15,15,40,47,70,77,92,117,125,141
B,41306,13,25,31,48,72,77,95,106,122,144
C,58577,14,16,33,50,61,88,99,112,121,138
E,1981,10,16,37,58,69,90,105,110,132,139
E,62428,10,20,34,58,73,86,99,115,125,136
B,45834,15,22,34,60,71,82,96,107,127,150
A,26917,12,24,31,54,71,88,97,120,129,141
J,35672,11,30,41,56,75,76,98,112,132,144
F,49403,10,29,35,49,70,84,102,106,133,142
G,36224,13,16,38,47,63,78,97,115,131,148
J,41410,14,28,43,59,73,82,94,120,125,146
G,26049,10,30,45,57,64,77,102,110,131,146
H,35566,11,21,30,56,63,85,97,120,135,148
A,9733,12,17,42,47,66,88,95,105,122,149
B,2639,13,15,45,54,67,89,104,116,128,139
H,53767,12,21,38,58,73,87,95,112,129,139
E,11742,14,23,31,52,60,78,97,117,124,136
C,49375,12,30,32,47,66,78,99,107,125,143
J,5706,14,27,39,49,73,76,91,118,129,150
F,42255,13,18,31,52,70,82,93,115,126,149
H,972,10,25,32,60,68,79,92,108,123,146
H,33768,10,28,31,46,68,75,105,117,129,149
G,41951,11,21,34,56,75,89,91,108,130,136
G,53714,14,16,35,60,63,84,97,113,130,150
E,25183,12,18,40,46,66,78,99,106,126,143
G,8634,10,16,45,55,62,84,95,119,134,140
C,49854,11,23,30,55,61,81,93,116,121,140
C,51011,13,18,32,57,68,81,97,114,120,139
B,55166,13,19,42,56,63,84,90,117,128,148
F,36283,15,20,43,45,63,78,91,114,125,150
G,56162,14,28,41,51,62,89,91,107,135,136
H,41467,10,15,38,57,67,86,96,119,128,143
B,58402,14,25,38,48,64,75,91,112,121,135
A,30416,10,15,42,55,64,75,91,118,124,143
D,50306,14,19,32,53,74,86,101,110,133,145
A,26826,13,29,44,50,75,88,91,117,127,141
J,45895,13,27,42,58,64,85,99,110,122,139
D,64126,13,15,33,52,74,81,94,118,120,135
A,23662,11,28,36,52,70,84,102,110,133,141
J,56894,13,19,43,51,64,84,92,106,124,141
H,50710,12,23,45,54,61,80,99,110,122,140
B,29631,14,28,41,46,70,90,93,114,126,144
H,63753,14,20,38,52,71,82,99,119,121,135
A,42392,12,27,44,56,69,87,101,112,120,150
A,59381,12,18,40,48,69,85,104,105,124,150
J,59678,11,15,40,58,66,87,100,105,131,141
G,7660,15,29,33,60,68,87,97,105,131,137
H,5570,13,22,45,54,71,84,101,120,125,148
C,46239,14,29,43,48,62,78,98,111,132,144
E,27561,11,27,31,51,72,84,93,109,120,136
B,38996,10,30,32,45,73,82,93,119,131,141
A,35038,11,28,38,46,74,76,94,105,134,146
G,22133,12,16,35,47,74,80,105,114,127,146
C,16988,11,21,36,56,68,81,98,117,121,140
J,21331,14,24,39,56,66,76,95,111,132,138
C,21788,13,26,44,48,72,88,101,110,128,136
B,48083,12,19,37,49,72,82,97,105,120,146
G,32048,14,17,43,59,69,80,97,107,127,149
A,56939,13,29,30,49,61,75,101,105,130,147
B,3400,14,20,36,55,72,89,93,105,130,145
F,3459,11,20,42,46,73,88,100,113,121,147
H,7594,12,23,30,52,74,78,98,120,127,145
J,10176,12,29,39,48,62,77,93,106,134,149
C,50671,14,28,38,60,69,81,91,117,123,146
B,23589,15,16,34,46,73,75,96,116,129,137
H,52139,14,29,45,53,69,81,100,120,125,139
C,56482,14,20,32,46,63,87,90,105,134,140
J,1353,13,16,45,54,63,78,103,108,135,145
G,42643,13,21,34,49,64,89,98,115,127,142
E,34402,13,28,30,47,71,86,103,112,127,138
G,16520,15,30,30,50,61,81,99,114,127,147
F,6053,14,30,34,51,64,85,103,107,128,147
E,10489,14,19,39,51,64,81,98,118,132,147
J,35354,12,15,33,52,70,76,92,116,126,141
F,5929,14,17,32,48,73,79,94,106,135,150
H,14641,10,17,44,54,68,82,93,111,133,143
F,3191,15,30,31,48,64,82,100,118,130,137
E,5403,10,29,40,45,60,78,100,107,131,147
D,120,13,27,35,50,60,89,103,120,130,144
B,31715,14,23,31,50,68,81,105,109,125,144
J,13313,14,19,36,51,71,86,102,120,129,140
F,49967,15,25,40,58,64,83,101,110,128,144
D,16240,12,23,42,52,67,78,102,120,135,144
B,13393,11,28,33,59,60,85,96,120,127,138
G,22764,13,18,42,50,72,76,101,112,130,141
C,13367,14,24,35,56,60,77,91,107,121,140
J,57643,10,15,40,58,69,84,95,118,135,146
B,11718,11,20,31,46,67,81,93,110,133,140
E,12320,11,29,40,56,60,81,99,109,123,145
A,41313,13,21,39,52,73,85,104,112,122,142
E,18952,10,20,31,60,75,83,103,117,122,140
D,42741,15,22,35,45,73,83,93,120,122,146
E,35998,11,22,44,53,61,81,103,108,133,140
F,36688,14,30,43,57,73,75,97,110,135,141
H,31532,14,26,41,49,74,83,97,112,131,135
B,44138,12,17,40,49,74,76,95,113,133,145
D,30594,11,24,32,60,65,77,98,109,128,136
B,24094,13,16,34,46,62,75,92,118,123,138
F,8070,13,25,32,52,72,90,102,112,133,138
A,17983,14,22,30,57,65,79,93,113,131,147
H,44507,12,20,43,45,61,88,93,117,123,140
D,46960,12,15,43,53,73,81,93,120,134,147
J,27276,12,24,30,50,66,85,97,107,122,147
J,4509,10,21,31,56,66,82,93,108,120,150
J,64978,15,22,40,56,74,89,90,111,131,137
E,34743,14,17,38,55,75,87,100,120,134,135
D,56939,11,26,33,58,70,76,101,105,125,135
D,29876,10,17,38,48,68,90,93,114,129,145
E,26069,12,18,38,50,60,84,97,115,129,147
H,8713,13,23,45,60,75,89,91,120,133,137
E,34581,13,29,38,55,74,81,90,107,120,147
F,44979,15,23,41,52,74,81,104,110,135,148
B,10461,11,26,30,57,73,76,96,105,123,135
H,45496,12,16,40,58,71,84,94,108,126,146
B,55542,12,19,39,58,62,89,95,106,127,137
A,58975,15,17,30,57,71,88,103,106,124,143
F,54884,13,16,42,45,65,83,102,118,134,146
A,51043,12,19,35,57,66,75,101,109,124,145
C,101,10,30,35,56,74,82,95,110,124,147
E,18780,11,19,32,60,71,85,96,110,128,141
A,63361,15,18,34,50,71,75,104,109,132,145
A,35504,15,27,45,58,74,81,96,114,128,135
J,46641,11,25,38,49,74,88,98,105,134,138
E,55877,13,16,42,58,61,77,97,119,130,144
F,49825,10,23,38,55,75,80,92,116,129,145
E,2476,14,18,33,60,72,86,95,113,125,148
C,51377,10,15,34,52,70,90,96,119,133,136
D,45813,14,20,31,56,65,84,95,120,120,139
D,17014,13,22,31,56,69,82,104,105,125,146
B,46414,14,20,40,54,67,79,91,110,128,150
B,26365,10,19,42,58,74,82,105,105,121,143
H,35491,10,23,42,45,72,89,104,117,123,149
F,48224,11,21,35,46,70,76,97,115,129,142
B,3144,12,23,31,54,64,84,94,106,121,146
E,2347,12,16,32,59,60,88,103,113,120,143
C,55564,12,28,45,46,71,81,99,111,134,150
G,46216,15,27,32,55,70,84,90,115,121,135
G,5686,10,22,44,49,74,90,102,109,127,149
H,21121,12,19,33,53,63,85,105,115,129,136
B,41352,13,15,31,60,60,79,93,113,131,137
F,56955,11,15,38,59,63,75,91,108,121,147
G,10860,14,25,32,57,66,90,100,105,120,137
F,25493,14,15,36,52,71,86,96,107,124,142
F,3569,12,28,43,59,67,82,103,119,121,137
A,64599,13,25,44,45,73,89,91,120,131,141
B,19616,14,30,33,45,74,76,92,119,121,144
G,12527,14,17,34,56,75,84,105,120,132,139
H,52085,10,30,33,56,70,87,97,110,131,143
A,19402,14,25,32,59,70,83,92,119,129,147
B,33436,15,26,44,47,60,80,103,109,121,144
H,64055,11,27,43,57,70,85,100,111,122,135
C,16774,10,22,44,58,70,82,99,108,133,148
E,59462,15,15,34,51,62,87,95,108,134,147
E,51913,15,21,45,51,75,79,99,111,123,135
G,60297,15,23,41,48,67,87,90,108,128,141
A,9613,11,27,40,55,65,90,104,110,126,138
C,4599,14,15,41,54,75,86,97,110,135,139
D,14785,14,17,40,48,61,81,101,118,122,145
B,52003,11,19,42,60,72,86,97,114,123,149
D,44706,10,29,30,47,71,90,97,118,132,145
C,40899,10,30,37,49,67,90,93,112,135,145
F,43374,14,18,35,58,74,81,104,106,124,142
A,64816,10,22,32,46,60,85,98,107,134,140
E,22916,15,28,34,56,65,83,93,107,121,139
B,58535,10,17,35,58,62,84,101,117,134,141
J,20598,12,23,40,55,60,90,98,113,134,142
J,8848,15,20,35,58,64,79,97,113,129,141
F,20856,11,23,40,46,74,80,103,116,134,143
H,2002,15,25,39,58,61,79,96,110,122,136
H,23430,13,19,32,58,65,79,98,114,128,141
B,37809,15,26,33,54,64,89,103,106,125,136
A,60645,11,28,36,55,69,89,99,118,129,137
G,56201,12,25,35,58,74,87,94,109,130,138
G,47091,12,27,40,58,75,84,97,106,126,140
C,63640,13,30,41,53,68,83,97,106,126,135
E,23460,10,26,34,53,66,81,100,109,126,143
H,3967,11,23,37,57,71,76,100,114,131,144
E,53043,10,20,34,57,74,89,97,114,131,140
B,13345,13,25,33,47,66,87,95,105,125,148
G,63496,11,21,35,54,72,80,100,119,120,148
B,18905,10,19,40,51,72,87,99,117,133,147
F,44265,12,17,44,49,68,81,93,116,127,139
A,37122,12,15,33,58,66,80,91,105,132,148
A,33876,10,15,45,54,62,75,96,117,129,143
B,3221,10,19,32,60,75,83,91,107,132,148
J,64869,14,24,31,48,72,76,105,118,130,148
B,19611,13,30,35,54,64,87,95,118,126,138
H,16779,11,18,37,56,70,82,98,113,123,148
C,43302,11,21,38,48,62,84,96,107,130,150
A,3877,13,29,37,58,73,77,102,118,135,141
H,35844,15,16,32,46,61,81,100,108,121,150
C,53388,10,30,41,55,74,83,91,106,130,140
F,6179,15,18,34,60,69,84,97,108,126,150
C,6372,14,21,40,51,72,81,100,117,134,140
A,47169,10,25,39,53,68,80,92,112,134,148
A,25475,15,28,40,45,66,87,96,116,131,146
J,58293,14,22,39,55,66,83,95,118,125,140
G,12111,14,27,43,50,61,80,103,115,132,137
G,11106,10,26,34,46,60,82,92,118,129,142
G,38082,13,28,41,55,65,86,104,110,127,135
A,40292,10,26,44,46,61,82,105,118,128,141
C,38057,10,26,37,58,69,90,94,110,124,150
C,23374,13,28,38,56,72,89,90,119,131,144
D,16561,14,27,38,50,66,90,102,118,128,140
G,33471,14,24,33,48,62,87,93,108,122,139
E,15239,13,22,36,52,75,78,93,107,121,148
E,58752,14,21,35,45,68,82,104,105,127,136
F,38462,15,21,41,60,61,75,103,106,135,138
J,20365,14,26,39,45,69,80,90,109,121,143
E,58201,14,27,41,55,72,84,103,107,134,145
A,53510,10,20,40,49,66,86,95,118,133,148
F,3062,15,27,43,54,63,77,99,115,126,139
G,3325,12,24,44,45,63,80,104,108,124,150
B,4352,10,22,38,47,69,75,91,113,132,147
F,8438,10,28,32,54,66,81,98,110,126,136
H,39774,13,21,34,54,71,76,101,113,132,136
D,51700,15,18,43,58,75,85,98,117,134,143
F,51626,11,16,40,56,73,84,93,118,120,144
E,43296,10,16,39,48,75,85,97,111,132,149
H,11032,15,25,33,54,69,90,93,113,121,146
J,34093,15,24,44,46,75,85,97,116,134,144
B,58331,13,16,41,59,65,90,94,115,135,138
G,49784,13,28,35,60,62,85,104,108,128,141
D,52884,14,25,38,46,62,88,92,120,126,140
C,5873,10,30,45,55,60,88,90,116,135,135
J,63618,13,19,37,53,62,75,101,114,124,137
B,46736,11,29,34,54,68,79,101,112,122,138
C,16934,13,19,36,57,66,90,91,107,135,146
D,58868,13,16,42,57,68,87,91,109,128,148
J,53125,14,19,38,53,65,88,93,105,122,150
H,23675,13,28,44,53,66,84,104,108,133,142
H,17706,11,25,45,51,73,84,101,111,120,149
E,37373,14,19,35,52,61,80,101,110,125,140
E,19058,12,17,32,48,65,76,91,116,122,142
H,15179,13,21,36,53,61,81,103,118,120,136
C,13621,10,28,37,48,66,82,105,112,129,137
F,36483,13,24,44,51,66,82,90,107,127,138
J,27548,11,15,30,60,67,78,98,105,125,137
E,37557,14,29,30,47,71,89,93,107,123,138
C,19964,14,19,40,45,65,80,94,120,133,140
E,13754,13,25,43,56,69,85,96,117,121,137
C,10131,13,29,43,51,66,85,100,116,123,140
A,39223,15,16,30,54,73,82,99,109,129,136
H,35973,15,27,33,60,71,85,98,110,129,147
C,52277,12,17,32,48,65,90,94,116,129,149
G,1534,11,20,40,51,72,81,100,113,126,137
B,58671,10,19,37,53,69,86,98,112,132,144
A,45448,14,24,36,54,65,81,105,110,129,136
J,20655,12,24,30,54,74,78,101,105,132,135
C,26099,14,27,45,60,74,76,91,120,133,143
G,2104,14,16,36,46,66,87,100,116,125,137
A,24603,13,18,38,59,71,88,92,113,126,146
H,36175,11,28,45,46,61,77,94,118,135,137
E,5135,13,28,34,54,62,86,97,112,123,149
G,47284,14,19,45,56,62,76,103,110,126,144
H,14115,15,17,35,45,64,84,95,117,128,148
F,62930,15,16,32,49,68,83,96,118,131,150
G,24506,13,18,31,52,67,84,97,116,125,141
B,32418,13,29,30,53,73,87,96,116,127,137
D,41260,10,23,36,60,60,89,100,116,125,136
J,56064,14,26,32,58,61,79,103,106,121,149
F,4533,14,24,38,60,65,83,103,107,124,150
G,10279,13,19,34,46,67,81,99,120,128,143
E,58167,11,26,38,47,72,81,97,120,135,142
G,32563,13,20,39,49,63,78,93,109,128,136
B,28207,10,24,44,53,73,81,96,115,124,141
E,29803,11,25,31,56,63,78,104,111,125,142
H,63756,11,21,33,49,69,81,101,116,127,140
B,65137,12,25,34,52,75,81,99,105,130,148
B,55013,13,20,41,46,72,87,105,119,132,149
H,10736,10,30,35,49,65,82,97,119,134,136
F,51064,12,27,32,47,75,77,98,110,133,142
A,50946,10,24,33,51,60,89,90,108,135,137
E,41043,15,18,31,53,68,90,104,109,123,146
C,12993,10,18,37,52,74,79,104,109,133,140
A,7687,15,21,40,53,67,86,93,114,128,145
E,57682,12,16,38,58,72,79,94,116,133,135
J,10199,11,19,38,60,68,76,101,108,133,147
A,45219,12,24,30,52,63,88,103,110,124,136
E,64448,15,25,36,55,75,88,92,106,133,140
F,28221,12,23,39,48,62,82,102,114,135,150
D,33927,13,16,32,50,65,78,98,114,120,150
J,64107,15,30,35,46,64,88,94,113,120,144
D,23650,15,15,30,52,62,78,100,116,131,137
A,61327,11,20,30,45,63,77,104,114,133,139
C,4210,12,15,44,46,71,86,99,107,133,148
B,3982,10,15,44,58,63,77,102,109,130,138
H,51649,11,22,42,54,61,87,105,114,122,135
B,2643,11,21,45,49,66,82,99,108,127,139
E,6301,11,24,44,50,67,86,94,107,135,141
D,57185,10,23,38,46,61,88,101,114,135,140
D,19744,14,27,45,52,74,84,90,105,129,144
E,9164,14,19,38,56,68,88,94,110,132,135
E,9661,14,27,44,54,68,77,96,108,125,146
G,4827,13,22,35,51,66,81,99,110,127,146
A,14429,13,30,35,59,65,79,94,120,129,136
D,4473,10,18,40,48,66,77,99,112,131,145
E,31189,12,28,32,45,75,83,97,108,130,136
C,41429,13,26,40,49,71,81,105,117,128,144
G,15675,10,19,40,55,68,88,104,108,135,135
H,27637,11,24,39,58,60,86,94,111,129,144
E,21028,15,22,35,51,67,86,98,105,135,150
H,15681,12,22,31,60,67,82,92,109,122,139
E,53013,10,22,41,48,71,86,95,114,129,137
A,43031,15,28,41,51,67,85,91,105,120,140
B,46105,10,18,39,60,62,82,103,110,131,142
F,11781,13,30,32,53,75,83,105,117,122,136
H,13228,12,25,38,55,70,83,98,120,129,136
A,40171,14,20,34,45,75,84,101,118,133,144
A,59363,10,16,41,59,60,81,105,116,130,142
G,35843,15,30,37,50,73,76,97,115,129,135
C,57328,11,24,35,54,63,77,92,115,135,139
C,50475,12,24,30,54,64,79,96,117,128,137
E,58628,12,27,32,45,71,78,96,114,123,136
B,16841,14,24,40,50,64,78,105,115,131,141
J,64988,14,21,34,46,70,85,97,118,122,146
E,44031,15,27,38,47,71,79,92,107,128,146
A,38365,10,23,41,48,65,88,94,117,125,135
F,23887,10,30,36,48,70,85,105,108,133,138
A,58982,12,23,32,56,62,77,102,106,128,145
E,19789,12,20,35,53,64,85,98,117,134,140
J,26124,12,26,45,59,75,87,104,108,124,138
D,24788,15,15,31,55,72,78,103,106,130,144
H,11062,10,15,40,56,73,79,91,119,135,136
G,9408,11,28,36,59,74,88,94,112,133,149
G,23903,12,27,31,52,64,76,104,120,120,149
D,64473,13,23,36,59,64,87,93,107,128,135
A,4528,12,16,35,46,60,84,98,120,120,145
C,13414,11,17,37,49,72,90,102,117,122,145
A,15052,13,19,45,55,65,87,99,115,132,141
B,42521,13,24,40,58,64,81,103,107,128,141
C,32242,13,23,41,51,73,84,91,109,125,138
J,3224,14,17,41,48,71,87,96,120,135,137
C,7064,13,29,45,57,63,89,96,108,124,150
H,9621,14,22,40,47,62,85,96,118,132,147
D,21789,12,18,40,54,67,85,97,105,123,145
A,24062,12,15,30,50,60,77,92,109,133,145
F,19240,10,20,30,60,67,75,104,111,134,138
J,55670,12,23,33,53,60,83,105,118,135,141
J,14944,12,20,37,53,62,85,99,106,130,139
G,26362,14,30,41,50,64,77,91,116,135,147
D,41983,15,27,42,49,69,83,103,118,134,142
E,11414,14,23,43,56,64,82,105,118,125,141
C,63307,12,29,34,59,73,76,96,116,122,148
H,33239,13,27,45,60,60,80,99,115,131,139
A,29332,13,24,40,50,69,84,96,111,126,143
B,16151,11,15,30,46,62,77,97,110,133,144
C,37577,15,16,38,54,67,82,104,112,132,139
G,60086,15,23,39,53,72,77,104,110,124,145
D,34887,10,18,38,59,62,75,102,113,134,139
G,37376,15,16,38,59,70,86,92,105,130,135
H,19724,13,22,38,56,72,88,90,120,122,136
E,4648,12,19,33,56,64,88,103,114,120,150
D,8617,10,22,37,45,61,77,96,105,120,145
D,46861,12,17,40,51,73,78,90,105,121,149
J,43321,13,29,34,46,71,85,100,112,135,137
D,15830,15,24,31,51,75,75,96,120,122,150
B,56566,10,22,37,56,61,82,94,111,126,147
F,26705,15,18,36,60,73,82,102,115,133,138
E,42585,15,27,42,59,67,88,102,109,123,141
F,52224,14,19,40,58,62,84,95,108,130,150
G,57118,15,29,31,53,65,89,95,114,134,141
F,27170,10,20,39,47,67,81,103,107,127,135
D,7539,12,30,43,55,73,80,90,117,130,144
C,45594,13,16,44,50,60,88,98,109,133,146
A,27066,14,29,36,47,69,88,93,109,124,145
F,57222,15,19,32,50,69,78,98,119,132,150
F,5700,10,25,35,49,72,82,95,118,128,142
H,16020,14,29,32,51,72,77,102,110,128,143
D,9271,11,26,34,47,65,88,98,106,134,148
D,3039,12,28,32,60,71,84,97,111,127,141
D,4460,15,30,34,49,70,79,90,115,125,141
E,9580,14,18,36,49,73,88,105,114,120,147
H,17933,10,23,32,45,62,82,104,112,128,138
H,25043,13,25,32,57,62,86,91,109,123,147
C,34692,15,18,44,50,69,83,92,108,123,146
D,4727,11,27,39,45,60,79,104,115,129,135
A,5155,10,23,40,48,63,81,95,120,121,150
E,10622,10,20,30,60,65,76,100,120,123,144
A,58989,11,28,44,54,66,87,93,111,121,139
J,30568,12,30,36,48,64,75,91,112,121,141
E,27183,10,26,44,57,72,77,95,105,126,144
B,50639,12,19,31,53,75,79,102,117,132,135
H,20104,10,16,37,57,64,78,103,105,134,141
H,17475,15,21,45,49,70,76,95,113,120,137
A,37305,11,30,35,50,73,87,93,115,120,139
J,4809,11,29,44,56,73,79,97,109,121,145
J,41726,14,15,34,60,66,83,94,115,124,147
D,25080,13,15,35,57,74,90,92,105,125,135
G,19082,12,19,31,48,61,84,93,114,128,147
F,59762,13,25,31,52,73,85,90,118,126,136
J,17118,15,24,42,60,61,76,102,108,127,149
A,3551,14,16,32,47,69,80,105,119,134,141
B,35367,10,18,35,45,63,90,98,111,125,150
F,46906,14,23,32,49,60,81,105,107,126,141
B,58350,13,22,31,50,62,83,105,110,127,150
B,16656,14,21,33,50,68,78,95,109,123,147
E,31667,11,23,35,57,62,75,99,106,130,142
D,12743,13,23,38,47,65,85,94,112,124,135
G,7944,12,23,32,50,73,77,91,105,135,144
F,44140,13,26,43,59,65,82,105,120,128,149
J,14832,10,18,37,52,72,79,102,111,134,146
C,65437,11,20,33,60,66,79,96,107,126,145
H,34822,11,21,33,60,61,90,101,118,122,135
B,49595,15,15,43,49,65,79,94,109,123,143
F,11867,11,29,30,47,67,81,100,109,121,137
J,62837,10,18,36,48,69,78,96,108,130,146
A,11288,11,15,40,53,72,78,97,114,123,143
G,3854,15,19,32,53,63,88,103,107,120,148
D,13674,11,29,33,47,72,87,93,117,121,141
E,19175,10,22,42,57,66,76,104,117,125,136
J,56571,15,18,33,49,61,79,100,111,120,146
F,40894,11,19,37,49,71,79,104,113,135,141
J,7116,15,19,44,51,66,84,94,108,128,140
B,55584,10,21,43,59,66,82,97,110,121,146
G,12641,14,15,40,51,70,79,91,114,121,143
E,40668,10,15,35,57,65,82,91,119,124,144
A,2927,14,22,43,50,67,77,104,109,130,148
B,55078,14,24,33,57,71,83,93,112,135,149
A,54008,12,21,36,49,61,75,91,117,126,150
E,43306,15,24,37,47,62,88,105,109,130,136
J,41195,14,22,40,48,74,87,95,106,125,144
D,4529,10,16,31,55,66,81,98,112,132,148
E,16227,13,27,32,46,63,89,92,119,131,147
J,1798,12,23,45,50,73,81,93,115,129,148
B,64942,10,30,37,46,66,87,104,115,127,149
J,13428,15,23,38,55,71,78,103,113,122,150
G,5447,10,29,38,57,71,86,93,106,124,150
G,16683,15,27,35,51,69,79,94,114,121,135
E,64821,13,30,44,59,67,89,103,120,123,139
C,38318,11,30,43,60,61,87,91,119,133,148
D,39525,11,25,40,49,65,77,95,108,121,137
A,21623,13,16,34,50,72,90,102,116,125,148
H,11804,13,16,40,45,62,86,92,119,126,138
A,16865,15,27,45,56,66,85,100,120,127,140
C,42391,13,22,39,50,72,87,102,108,120,135
E,38880,10,27,34,47,66,80,98,106,135,144
C,39684,10,28,37,51,71,89,100,114,131,135
E,26994,10,23,32,47,60,76,101,115,127,146
E,7815,12,20,35,48,62,81,99,111,128,139
J,26979,13,16,39,45,64,81,102,111,132,148
D,38697,10,27,41,52,61,86,93,113,123,135
B,1802,13,22,38,51,64,83,96,105,121,140
G,63636,10,28,40,45,67,75,92,107,130,135
E,21469,11,20,39,48,70,85,101,120,125,142
J,41063,14,16,43,53,63,76,104,115,127,137
J,9595,14,29,33,52,72,83,92,110,133,135
A,52712,15,26,44,50,73,83,105,105,123,144
E,99,10,27,45,45,65,83,101,110,129,150
C,60809,10,16,44,48,71,87,91,119,132,144
A,20779,14,17,38,52,72,80,90,108,123,150
E,33368,12,30,39,55,69,84,95,110,131,148
E,37824,12,28,31,60,60,86,101,116,127,145
C,16716,15,22,42,59,64,77,104,109,133,137
C,27427,15,18,34,54,73,84,105,120,131,136
E,6630,11,30,44,50,64,84,98,105,127,145
A,18097,10,23,36,54,67,81,96,110,120,139
H,37641,12,16,42,45,63,78,95,119,124,149
C,30750,15,17,38,52,65,81,95,109,126,146
F,55641,14,22,45,58,73,84,102,118,130,140
A,30357,11,24,33,54,66,86,103,106,125,142
A,62551,13,24,39,51,73,83,104,119,133,139
A,758,15,22,34,57,63,77,93,111,127,146
C,18083,10,17,31,45,73,75,96,109,121,138
C,24191,13,29,41,51,71,78,96,118,125,136
E,7423,13,19,40,57,66,77,99,115,124,139
G,15733,10,28,36,60,68,84,93,106,123,144
J,49828,12,29,40,59,73,88,101,111,125,142
G,43296,15,28,37,59,74,76,105,107,123,141
F,62454,12,19,44,54,71,76,90,115,123,139
G,50012,14,24,41,57,69,83,91,108,123,148
H,40227,10,18,38,51,72,78,104,106,132,137
E,24629,10,27,45,54,65,80,100,113,133,137
C,13661,12,15,35,49,65,89,104,118,126,150
C,11157,15,24,43,52,70,77,105,120,125,139
F,44098,10,25,39,51,68,75,93,107,129,137
B,19547,14,28,38,54,64,77,104,113,132,141
J,48102,14,23,44,47,67,77,100,106,135,139
J,18951,11,21,38,47,75,85,90,106,128,142
A,33738,13,17,44,57,69,90,92,118,124,140
D,38874,15,28,37,49,74,80,92,114,120,145
G,32624,12,29,45,51,72,84,91,109,131,146
A,10431,11,21,45,45,72,90,91,106,121,138
D,1975,12,21,34,45,64,81,91,112,125,145
H,40865,10,23,38,57,62,82,92,115,126,140
G,56480,10,29,35,49,71,81,91,112,128,146
J,27907,12,23,34,55,71,89,104,105,131,142
J,33020,11,29,44,56,74,81,104,114,120,143
D,27756,11,16,40,52,60,75,98,117,123,146
D,25785,12,18,30,48,60,75,93,116,130,140
B,13482,12,21,42,48,65,81,96,116,128,137
H,63099,11,19,37,57,72,75,94,107,125,150
G,14432,15,30,45,58,61,85,90,106,133,148
F,59334,11,17,41,47,64,86,101,107,125,135
B,50291,12,20,45,53,62,79,99,116,128,149
E,33769,12,21,37,55,74,75,95,106,121,149
B,19910,13,24,36,45,63,85,92,120,121,142
B,40805,15,23,44,55,62,83,96,106,123,144
J,37785,13,21,39,46,71,77,105,113,128,137
B,19348,11,21,33,53,60,88,105,111,120,141
C,34922,10,20,32,58,68,81,97,117,135,144
H,8645,15,19,39,50,72,87,97,116,127,150
C,4710,12,28,36,56,73,76,103,117,134,137
G,24569,12,25,37,56,61,77,100,117,133,143
J,64228,11,24,39,57,63,75,100,107,120,143
D,7814,13,29,43,60,65,88,101,111,126,149
F,41802,13,23,35,57,66,86,100,112,131,137
C,56625,11,26,35,55,65,78,100,108,135,135
F,9313,13,28,35,59,65,78,101,119,122,139
J,30395,12,18,41,57,64,88,96,112,135,148
C,8189,15,15,34,53,62,90,96,114,126,148
F,35857,13,18,41,49,64,81,93,112,129,145
D,22070,13,17,31,48,74,89,97,110,121,146
B,30465,10,27,35,50,60,77,94,116,123,150
